face-4501.png;1
face-4502.png;1
face-4503.png;1
face-4504.png;1
face-4505.png;1
face-4506.png;1
face-4507.png;1
face-4508.png;1
face-4509.png;1
face-4510.png;1
face-4511.png;0
face-4512.png;0
face-4513.png;0
face-4514.png;0
face-4515.png;1
face-4516.png;0
face-4517.png;1
face-4518.png;1
face-4519.png;1
face-4520.png;1
face-4521.png;1
face-4522.png;1
face-4523.png;0
face-4524.png;1
face-4525.png;1
face-4526.png;0
face-4527.png;1
face-4528.png;0
face-4529.png;0
face-4530.png;1
face-4531.png;1
face-4532.png;1
face-4533.png;1
face-4534.png;0
face-4535.png;1
face-4536.png;1
face-4537.png;0
face-4538.png;0
face-4539.png;1
face-4540.png;1
face-4541.png;1
face-4542.png;1
face-4543.png;1
face-4544.png;1
face-4545.png;1
face-4546.png;0
face-4547.png;1
face-4548.png;0
face-4549.png;1
face-4550.png;1
face-4551.png;1
face-4552.png;1
face-4553.png;1
face-4554.png;1
face-4555.png;0
face-4556.png;1
face-4557.png;1
face-4558.png;1
face-4559.png;1
face-4560.png;1
face-4561.png;0
face-4562.png;1
face-4563.png;0
face-4564.png;0
face-4565.png;1
face-4566.png;1
face-4567.png;0
face-4568.png;1
face-4569.png;1
face-4570.png;0
face-4571.png;1
face-4572.png;1
face-4573.png;1
face-4574.png;1
face-4575.png;1
face-4576.png;1
face-4577.png;1
face-4578.png;1
face-4579.png;1
face-4580.png;0
face-4581.png;1
face-4582.png;1
face-4583.png;1
face-4584.png;0
face-4585.png;0
face-4586.png;1
face-4587.png;1
face-4588.png;1
face-4589.png;1
face-4590.png;1
face-4591.png;1
face-4592.png;0
face-4593.png;0
face-4594.png;0
face-4595.png;1
face-4596.png;1
face-4597.png;1
face-4598.png;0
face-4599.png;0
face-4600.png;0
face-4601.png;0
face-4602.png;1
face-4603.png;1
face-4604.png;1
face-4605.png;1
face-4606.png;0
face-4607.png;1
face-4608.png;1
face-4609.png;0
face-4610.png;0
face-4611.png;1
face-4612.png;1
face-4613.png;0
face-4614.png;1
face-4615.png;1
face-4616.png;0
face-4617.png;1
face-4618.png;1
face-4619.png;1
face-4620.png;0
face-4621.png;1
face-4622.png;0
face-4623.png;1
face-4624.png;1
face-4625.png;1
face-4626.png;1
face-4627.png;1
face-4628.png;1
face-4629.png;1
face-4630.png;1
face-4631.png;1
face-4632.png;1
face-4633.png;1
face-4634.png;1
face-4635.png;1
face-4636.png;1
face-4637.png;1
face-4638.png;0
face-4639.png;1
face-4640.png;1
face-4641.png;1
face-4642.png;1
face-4643.png;0
face-4644.png;1
face-4645.png;1
face-4646.png;1
face-4647.png;1
face-4648.png;0
face-4649.png;0
face-4650.png;1
face-4651.png;0
face-4652.png;1
face-4653.png;1
face-4654.png;1
face-4655.png;1
face-4656.png;0
face-4657.png;1
face-4658.png;0
face-4659.png;1
face-4660.png;1
face-4661.png;1
face-4662.png;0
face-4663.png;1
face-4664.png;1
face-4665.png;0
face-4666.png;1
face-4667.png;0
face-4668.png;1
face-4669.png;1
face-4670.png;1
face-4671.png;0
face-4672.png;1
face-4673.png;1
face-4674.png;0
face-4675.png;1
face-4676.png;1
face-4677.png;1
face-4678.png;1
face-4679.png;0
face-4680.png;0
face-4681.png;0
face-4682.png;1
face-4683.png;1
face-4684.png;1
face-4685.png;1
face-4686.png;1
face-4687.png;0
face-4688.png;0
face-4689.png;0
face-4690.png;1
face-4691.png;1
face-4692.png;1
face-4693.png;0
face-4694.png;1
face-4695.png;0
face-4696.png;1
face-4697.png;1
face-4698.png;0
face-4699.png;0
face-4700.png;1
face-4701.png;0
face-4702.png;1
face-4703.png;1
face-4704.png;1
face-4705.png;1
face-4706.png;1
face-4707.png;0
face-4708.png;1
face-4709.png;0
face-4710.png;1
face-4711.png;1
face-4712.png;1
face-4713.png;1
face-4714.png;1
face-4715.png;0
face-4716.png;1
face-4717.png;1
face-4718.png;0
face-4719.png;0
face-4720.png;0
face-4721.png;1
face-4722.png;0
face-4723.png;1
face-4724.png;1
face-4725.png;1
face-4726.png;1
face-4727.png;0
face-4728.png;1
face-4729.png;1
face-4730.png;0
face-4731.png;1
face-4732.png;1
face-4733.png;0
face-4734.png;1
face-4735.png;1
face-4736.png;1
face-4737.png;1
face-4738.png;1
face-4739.png;1
face-4740.png;1
face-4741.png;1
face-4742.png;0
face-4743.png;1
face-4744.png;1
face-4745.png;1
face-4746.png;0
face-4747.png;1
face-4748.png;0
face-4749.png;1
face-4750.png;1
face-4751.png;1
face-4752.png;1
face-4753.png;1
face-4754.png;1
face-4755.png;0
face-4756.png;1
face-4757.png;1
face-4758.png;1
face-4759.png;1
face-4760.png;1
face-4761.png;1
face-4762.png;1
face-4763.png;1
face-4764.png;0
face-4765.png;1
face-4766.png;1
face-4767.png;0
face-4768.png;0
face-4769.png;1
face-4770.png;1
face-4771.png;0
face-4772.png;1
face-4773.png;1
face-4774.png;1
face-4775.png;1
face-4776.png;0
face-4777.png;1
face-4778.png;1
face-4779.png;1
face-4780.png;1
face-4781.png;0
face-4782.png;1
face-4783.png;1
face-4784.png;0
face-4785.png;1
face-4786.png;1
face-4787.png;1
face-4788.png;1
face-4789.png;1
face-4790.png;1
face-4791.png;1
face-4792.png;1
face-4793.png;1
face-4794.png;0
face-4795.png;0
face-4796.png;0
face-4797.png;0
face-4798.png;1
face-4799.png;1
face-4800.png;1
face-4801.png;1
face-4802.png;1
face-4803.png;0
face-4804.png;1
face-4805.png;1
face-4806.png;1
face-4807.png;0
face-4808.png;1
face-4809.png;1
face-4810.png;1
face-4811.png;1
face-4812.png;0
face-4813.png;1
face-4814.png;1
face-4815.png;0
face-4816.png;0
face-4817.png;0
face-4818.png;1
face-4819.png;1
face-4820.png;1
face-4821.png;0
face-4822.png;0
face-4823.png;1
face-4824.png;1
face-4825.png;1
face-4826.png;1
face-4827.png;1
face-4828.png;1
face-4829.png;0
face-4830.png;1
face-4831.png;1
face-4832.png;1
face-4833.png;1
face-4834.png;1
face-4835.png;0
face-4836.png;0
face-4837.png;1
face-4838.png;0
face-4839.png;0
face-4840.png;1
face-4841.png;1
face-4842.png;1
face-4843.png;1
face-4844.png;1
face-4845.png;1
face-4846.png;1
face-4847.png;1
face-4848.png;1
face-4849.png;0
face-4850.png;0
face-4851.png;1
face-4852.png;1
face-4853.png;1
face-4854.png;1
face-4855.png;1
face-4856.png;1
face-4857.png;0
face-4858.png;1
face-4859.png;1
face-4860.png;1
face-4861.png;0
face-4862.png;1
face-4863.png;1
face-4864.png;0
face-4865.png;0
face-4866.png;1
face-4867.png;1
face-4868.png;1
face-4869.png;1
face-4870.png;0
face-4871.png;1
face-4872.png;0
face-4873.png;1
face-4874.png;1
face-4875.png;1
face-4876.png;1
face-4877.png;1
face-4878.png;1
face-4879.png;1
face-4880.png;1
face-4881.png;1
face-4882.png;1
face-4883.png;1
face-4884.png;1
face-4885.png;1
face-4886.png;1
face-4887.png;0
face-4888.png;0
face-4889.png;0
face-4890.png;0
face-4891.png;0
face-4892.png;1
face-4893.png;0
face-4894.png;0
face-4895.png;0
face-4896.png;1
face-4897.png;1
face-4898.png;1
face-4899.png;1
face-4900.png;1
face-4901.png;1
face-4902.png;1
face-4903.png;0
face-4904.png;1
face-4905.png;1
face-4906.png;1
face-4907.png;0
face-4908.png;1
face-4909.png;0
face-4910.png;1
face-4911.png;1
face-4912.png;1
face-4913.png;1
face-4914.png;0
face-4915.png;0
face-4916.png;1
face-4917.png;1
face-4918.png;1
face-4919.png;1
face-4920.png;1
face-4921.png;0
face-4922.png;1
face-4923.png;0
face-4924.png;0
face-4925.png;1
face-4926.png;1
face-4927.png;1
face-4928.png;1
face-4929.png;1
face-4930.png;1
face-4931.png;1
face-4932.png;1
face-4933.png;1
face-4934.png;1
face-4935.png;1
face-4936.png;1
face-4937.png;1
face-4938.png;0
face-4939.png;1
face-4940.png;0
face-4941.png;1
face-4942.png;1
face-4943.png;0
face-4944.png;0
face-4945.png;0
face-4946.png;1
face-4947.png;1
face-4948.png;1
face-4949.png;0
face-4950.png;1
face-4951.png;0
face-4952.png;0
face-4953.png;1
face-4954.png;1
face-4955.png;1
face-4956.png;1
face-4957.png;1
face-4958.png;0
face-4959.png;1
face-4960.png;1
face-4961.png;1
face-4962.png;0
face-4963.png;0
face-4964.png;1
face-4965.png;1
face-4966.png;1
face-4967.png;1
face-4968.png;1
face-4969.png;1
face-4970.png;0
face-4971.png;1
face-4972.png;0
face-4973.png;1
face-4974.png;0
face-4975.png;1
face-4976.png;0
face-4977.png;1
face-4978.png;1
face-4979.png;1
face-4980.png;1
face-4981.png;1
face-4982.png;1
face-4983.png;0
face-4984.png;1
face-4985.png;1
face-4986.png;0
face-4987.png;1
face-4988.png;1
face-4989.png;1
face-4990.png;1
face-4991.png;0
face-4992.png;0
face-4993.png;1
face-4994.png;1
face-4995.png;0
face-4996.png;1
face-4997.png;1
face-4998.png;1
face-4999.png;0
face-5000.png;1
